id,job_title,company,contact_email,url,job_description,salary,status,notes,last_update,date_applied,date_online_assessment,date_round_1,date_round_2,date_round_3,date_coding_challenge,date_rejected,date_offer,round_1_format,round_1_focus,round_2_format,round_2_focus,round_3_format,round_3_focus
e0d1e2eb,Backend Engineer,Acme Robotics,talent@acme-robotics.example,https://careers.acme-robotics.example/jobs/101,"Python/Go services for the fleet management platform. Hybrid, 2 days on-site.",70-80k € / year,Offer,"Offer: 76k + 10% bonus, answer by 17.07.",2026-07-03,2026-06-02,,2026-06-09,2026-06-16,2026-06-26,2026-06-19,,2026-07-03,Phone,HR,Virtual,Technical,On-site,Hiring manager
29155cba,Data Analyst,Beacon Insights,jobs@beacon-insights.example,https://careers.beacon-insights.example/jobs/102,"SQL, dbt and Looker dashboards for the product analytics team.",58k,Offer,,2026-08-21,2026-07-20,,2026-07-27,2026-08-05,2026-08-14,,,2026-08-21,Phone,HR,Virtual,Hiring manager,On-site,Technical
25cc3517,Machine Learning Engineer,Helios AI,,https://careers.helios-ai.example/jobs/103,"Training and serving recommendation models (PyTorch, Ray).",€85.000 / year,Rejected,Automated rejection after 3 days.,2026-06-13,2026-06-10,,,,,,2026-06-13,,,,,,,
e88e0b2b,Embedded Software Engineer,Kestrel Mobility,,https://careers.kestrel-mobility.example/jobs/104,C++ firmware for e-scooter controllers.,negotiable,Rejected,,2026-08-27,2026-08-25,,,,,,2026-08-27,,,,,,,
44d41e85,Software Engineer,Lumen Softworks,,https://careers.lumen-softworks.example/jobs/105,"Generalist role on the collaboration suite (TypeScript, Kotlin).",,Rejected,"Online assessment: 2 algorithm tasks, 90 min.",2026-07-22,2026-07-15,2026-07-17,,,,,2026-07-22,,,,,,,
3866b1c3,Platform Engineer,Vertex Systems,recruiting@vertex-systems.example,https://careers.vertex-systems.example/jobs/106,Internal developer platform on Kubernetes.,75k,Rejected,Looking for more Kubernetes operator experience.,2026-07-18,2026-07-07,,2026-07-14,,,,2026-07-18,,Phone,HR,,,,
5bf409f0,Python Developer,Solace Fintech,,https://careers.solace-fintech.example/jobs/107,Payment reconciliation services in Python/Django.,65.000 €,Rejected,,2026-07-06,2026-06-20,,2026-06-30,,,,2026-07-06,,On-site,Technical,,,,
f38ad9e6,Site Reliability Engineer,Orbital Cloud,people@orbital-cloud.example,https://careers.orbital-cloud.example/jobs/108,On-call rotation for the managed Postgres offering.,,Rejected,Format of 1st round not noted -> counts as virtual.,2026-08-04,2026-07-10,,2026-07-17,2026-07-28,,,2026-08-04,,,HR,Virtual,Technical,,
445e3585,Backend Engineer (Go),Quantum Ledger,,https://careers.quantum-ledger.example/jobs/109,Ledger and settlement services in Go.,80-90k €,Rejected,"Take-home after 2nd round; feedback: solid, but chose a candidate with more Go experience.",2026-09-02,2026-08-03,2026-08-06,2026-08-13,2026-08-22,,2026-08-26,2026-09-02,,Virtual,HR,On-site,Technical,,
0225d0f7,Data Engineer,Northwind Analytics,careers@northwind-analytics.example,https://careers.northwind-analytics.example/jobs/110,"Batch and streaming pipelines (Spark, Kafka).",72k,Rejected,,2026-07-09,2026-06-05,2026-06-08,2026-06-15,2026-06-24,2026-07-02,,2026-07-09,,Virtual,HR,Virtual,Technical,On-site,Technical
1c21eb85,Research Engineer,Helios AI,,https://careers.helios-ai.example/jobs/111,Applied research on retrieval models.,,Applied,,2026-07-01,2026-07-01,,,,,,,,,,,,,
8de4deaa,Full-Stack Developer,Brightpath Health,,https://careers.brightpath-health.example/jobs/112,"Patient portal (React, Node.js).",60-68k €,Applied,,2026-08-12,2026-08-12,,,,,,,,,,,,,
5645d83b,Site Reliability Engineer,Vertex Systems,,https://careers.vertex-systems.example/jobs/113,Observability stack and incident tooling.,,Applied,"Second application there, different team.",2026-05-28,2026-05-28,,,,,,,,,,,,,
bf5871c4,Data Scientist,Pinnacle Labs,,https://careers.pinnacle-labs.example/jobs/114,Forecasting models for supply-chain planning.,70k,Applied,,2026-09-10,2026-09-10,,,,,,,,,,,,,
0faa73ae,DevOps Engineer,Acme Robotics,talent@acme-robotics.example,https://careers.acme-robotics.example/jobs/115,CI/CD and infrastructure for the robotics fleet.,,Applied,Referred by former teammate.,2026-09-19,2026-09-19,,,,,,,,,,,,,
3d51dc03,Gameplay Programmer,Nimbus Games,,https://careers.nimbus-games.example/jobs/116,Unity/C# gameplay systems.,55k,Online Assessment,,2026-09-19,2026-09-15,2026-09-19,,,,,,,,,,,,
919e74fc,Cloud Engineer,Orbital Cloud,people@orbital-cloud.example,https://careers.orbital-cloud.example/jobs/117,Terraform modules for customer landing zones.,,Interview - 1st Round,,2026-09-18,2026-09-08,,2026-09-18,,,,,,Virtual,HR,,,,
f690d819,Analytics Engineer,Northwind Analytics,,https://careers.northwind-analytics.example/jobs/118,dbt models and data quality checks.,,Interview - 1st Round,,2026-09-12,2026-09-02,,2026-09-12,,,,,,Phone,HR,,,,
a1fa86cd,DevOps Engineer,Cascade Networks,,https://careers.cascade-networks.example/jobs/119,Network automation with Ansible and Python.,68k,Coding Challenge,"Take-home submitted, waiting for review.",2026-08-14,2026-08-01,,2026-08-11,,,2026-08-14,,,Virtual,Technical,,,,
374d1d0c,MLOps Engineer,Helios AI,hiring@helios-ai.example,https://careers.helios-ai.example/jobs/120,Model deployment pipelines on Kubernetes.,€78.000 / year,Interview - 2nd Round,,2026-09-15,2026-08-20,2026-08-24,2026-09-01,2026-09-15,,2026-09-05,,,Virtual,Technical,On-site,Technical,,
65585068,Frontend Engineer,Lumen Softworks,,https://careers.lumen-softworks.example/jobs/121,"Design system and editor UI (React, TypeScript).",62-70k €,Interview - 2nd Round,,2026-09-22,2026-09-01,2026-09-04,2026-09-11,2026-09-22,,,,,Virtual,Technical,Virtual,Hiring manager,,
45f3738b,Data Platform Engineer,Evergreen Energy,jobs@evergreen-energy.example,https://careers.evergreen-energy.example/jobs/122,Lakehouse platform for smart-meter data.,74k,Interview - 3rd Round,"Final round done, decision expected next week.",2026-09-17,2026-08-18,,2026-08-25,2026-09-03,2026-09-17,,,,Phone,HR,Virtual,Technical,On-site,Hiring manager
